page,clicks,impressions,ctr_pct,position,source
/,7,42,16.7,4.33,"user-provided excerpt, 31.08–27.09"
/guide/attachment-styles,2,77,2.6,,"user-provided excerpt, 31.08–27.09"
/guide/getting-back-with-ex,2,11,18.2,7.73,"user-provided excerpt, 31.08–27.09"
/before-relationship,1,38,2.6,,"user-provided excerpt, 31.08–27.09"
/book,1,25,4.0,4.56,"user-provided excerpt, 31.08–27.09"
/dating,1,8,12.5,7.25,"user-provided excerpt, 31.08–27.09"
/guide/first-date,1,20,5.0,11.15,"user-provided excerpt, 31.08–27.09"
/guide/hot-and-cold,1,12,8.3,3.67,"user-provided excerpt, 31.08–27.09"
/guide/relationship-doubts,1,27,3.7,,"user-provided excerpt, 31.08–27.09"
/guide/words-vs-actions,1,4,25.0,3.75,"user-provided excerpt, 31.08–27.09"
