period	query	page	country	clicks	impressions	ctr	position
2026-08-31_to_2026-09-27	איך להכיר בן זוג	https://www.zachi.co.il/before-relationship	Israel	0	3	0	57.6667
2026-08-31_to_2026-09-27	איך למצוא בן זוג	https://www.zachi.co.il/before-relationship	Israel	0	2	0	61.5
2026-08-31_to_2026-09-27	איך למצוא בן זוג	https://www.zachi.co.il/before-relationship	United States	0	1	0	59.0
2026-08-31_to_2026-09-27	איך מוצאים בן זוג	https://www.zachi.co.il/before-relationship	Israel	0	1	0	48.0
2026-08-31_to_2026-09-27	איך מכירים בן זוג	https://www.zachi.co.il/before-relationship	Israel	0	1	0	50.0
2026-08-31_to_2026-09-27	איפה מכירים בן זוג	https://www.zachi.co.il/before-relationship	Israel	0	1	0	52.0
2026-08-31_to_2026-09-27	באהבה	https://www.zachi.co.il/love	Israel	0	4	0	34.5
2026-08-31_to_2026-09-27	בדיקת ספק לפני התקשרות	https://www.zachi.co.il/guide/relationship-doubts	Israel	0	10	0	50.2
2026-08-31_to_2026-09-27	בן זוגך	https://www.zachi.co.il/before-relationship	Israel	0	1	0	42.0
2026-08-31_to_2026-09-27	גישת ההתקשרות	https://www.zachi.co.il/guide/attachment-styles	Israel	0	15	0	67.7333
2026-08-31_to_2026-09-27	דגלים אדומים בזוגיות	https://www.zachi.co.il/guide/dating-red-flags	Israel	0	3	0	34.6667
2026-08-31_to_2026-09-27	דייט ראשון	https://www.zachi.co.il/guide/first-date	Israel	0	3	0	34.0
2026-08-31_to_2026-09-27	דפוס התקשרות אמביוולנטי	https://www.zachi.co.il/guide/attachment-styles	Israel	0	1	0	54.0
2026-08-31_to_2026-09-27	דפוס חוזר	https://www.zachi.co.il/guide/attachment-styles	Israel	0	1	0	11.0
2026-08-31_to_2026-09-27	דפוסי התקשרות בולבי	https://www.zachi.co.il/guide/attachment-styles	Israel	0	3	0	64.3333
2026-08-31_to_2026-09-27	דרכי התקשרות	https://www.zachi.co.il/guide/attachment-styles	Israel	0	1	0	36.0
2026-08-31_to_2026-09-27	ההתקשרות	https://www.zachi.co.il/guide/attachment-styles	Israel	0	3	0	92.6667
2026-08-31_to_2026-09-27	היקשרות בטוחה	https://www.zachi.co.il/guide/attachment-styles	Israel	0	1	0	67.0
2026-08-31_to_2026-09-27	לאהבה	https://www.zachi.co.il/love	Israel	0	3	0	18.6667
2026-08-31_to_2026-09-27	לדבר בגובה העיניים	https://www.zachi.co.il/method/eye-level-talk	Israel	0	1	0	35.0
2026-08-31_to_2026-09-27	למקבל דייטים	https://www.zachi.co.il/guide	Israel	0	1	0	20.0
2026-08-31_to_2026-09-27	מה זה אהבה	https://www.zachi.co.il/love	Israel	0	1	0	67.0
2026-08-31_to_2026-09-27	מזה אהבה	https://www.zachi.co.il/love	Israel	0	1	0	26.0
2026-08-31_to_2026-09-27	מתי יהיה לי חבר	https://www.zachi.co.il/before-relationship	Israel	0	1	0	61.0
2026-08-31_to_2026-09-27	[redacted: personal name]	https://www.zachi.co.il/before-relationship	Israel	0	1	0	70.0
2026-08-31_to_2026-09-27	סוגי התקשרות בולבי	https://www.zachi.co.il/guide/attachment-styles	Israel	0	5	0	72.2
2026-08-31_to_2026-09-27	ספרים אחרים	https://www.zachi.co.il/book	Israel	0	1	0	5.0
2026-08-31_to_2026-09-27	צחי חן	https://www.zachi.co.il/	Israel	0	16	0	4.75
2026-08-31_to_2026-09-27	צחי חן	https://www.zachi.co.il/author	Israel	0	1	0	16.0
2026-08-31_to_2026-09-27	קשר טוב	https://www.zachi.co.il/articles/spark-vs-compatibility	Israel	0	1	0	70.0
2026-08-31_to_2026-09-27	תאוריית ההיקשרות בזוגיות	https://www.zachi.co.il/guide/attachment-styles	Israel	0	14	0	72.2857
2026-08-31_to_2026-09-27	תאוריית ההתקשרות	https://www.zachi.co.il/guide/attachment-styles	Israel	0	1	0	90.0
2026-08-03_to_2026-08-30	תציג לי	https://www.zachi.co.il/	Israel	1	1	1	1.0
2026-08-03_to_2026-08-30	אהבה הגדרה	https://www.zachi.co.il/love	Israel	0	1	0	59.0
2026-08-03_to_2026-08-30	איך להכיר בן זוג	https://www.zachi.co.il/before-relationship	Israel	0	1	0	54.0
2026-08-03_to_2026-08-30	איך למצוא זוגיות	https://www.zachi.co.il/guide/finding-a-relationship	Israel	0	1	0	38.0
2026-08-03_to_2026-08-30	איך למצוא זוגיות ב 8 ימים	https://www.zachi.co.il/guide/finding-a-relationship	Israel	0	1	0	54.0
2026-08-03_to_2026-08-30	באהבה	https://www.zachi.co.il/love	Israel	0	1	0	40.0
2026-08-03_to_2026-08-30	גישת ההתקשרות	https://www.zachi.co.il/guide/attachment-styles	Israel	0	16	0	61.9375
2026-08-03_to_2026-08-30	דפוס התקשרות לא מאורגן	https://www.zachi.co.il/guide/attachment-styles	Israel	0	2	0	32.5
2026-08-03_to_2026-08-30	דפוסי היקשרות	https://www.zachi.co.il/guide/attachment-styles	Israel	0	2	0	77.0
2026-08-03_to_2026-08-30	דפוסי התקשרות בולבי	https://www.zachi.co.il/guide/attachment-styles	Israel	0	20	0	68.3
2026-08-03_to_2026-08-30	ההתקשרות	https://www.zachi.co.il/guide/attachment-styles	Israel	0	13	0	93.8462
2026-08-03_to_2026-08-30	התקשרות אמביוולנטית	https://www.zachi.co.il/guide/attachment-styles	Israel	0	1	0	60.0
2026-08-03_to_2026-08-30	התקשרות בטוחה	https://www.zachi.co.il/guide/attachment-styles	Israel	0	1	0	82.0
2026-08-03_to_2026-08-30	התקשרות חרדתית	https://www.zachi.co.il/guide/attachment-styles	Israel	0	1	0	47.0
2026-08-03_to_2026-08-30	התקשרות נמנעת בבגרות	https://www.zachi.co.il/guide/attachment-styles	Israel	0	1	0	52.0
2026-08-03_to_2026-08-30	זימון זוגיות	https://www.zachi.co.il/guide/finding-a-relationship	Israel	0	5	0	48.4
2026-08-03_to_2026-08-30	טיפוס נמנע בזוגיות	https://www.zachi.co.il/guide/attachment-styles	Israel	0	1	0	36.0
2026-08-03_to_2026-08-30	להתנות אהבה	https://www.zachi.co.il/love	Israel	0	1	0	26.0
2026-08-03_to_2026-08-30	מה ההבדל בין התאהבות לאהבה	https://www.zachi.co.il/love	Israel	0	1	0	29.0
2026-08-03_to_2026-08-30	מה היא אהבה	https://www.zachi.co.il/love	Israel	0	1	0	72.0
2026-08-03_to_2026-08-30	מהי פרידה	https://www.zachi.co.il/after-breakup	Israel	0	1	0	83.0
2026-08-03_to_2026-08-30	מציאת בן זוג	https://www.zachi.co.il/before-relationship	Israel	0	1	0	60.0
2026-08-03_to_2026-08-30	סגנונות התקשרות	https://www.zachi.co.il/guide/attachment-styles	Israel	0	1	0	96.0
2026-08-03_to_2026-08-30	סוגי היקשרות	https://www.zachi.co.il/guide/attachment-styles	Israel	0	1	0	66.0
2026-08-03_to_2026-08-30	סוגי התקשרות	https://www.zachi.co.il/guide/attachment-styles	Israel	0	1	0	76.0
2026-08-03_to_2026-08-30	סוגי התקשרות בולבי	https://www.zachi.co.il/guide/attachment-styles	Israel	0	21	0	77.8095
2026-08-03_to_2026-08-30	עוד...	https://www.zachi.co.il/book	Israel	0	1	0	1.0
2026-08-03_to_2026-08-30	צחי חן	https://www.zachi.co.il/	Israel	0	13	0	5.4615
2026-08-03_to_2026-08-30	צחי חן	https://www.zachi.co.il/	Vietnam	0	1	0	3.0
2026-08-03_to_2026-08-30	צחי חן	https://www.zachi.co.il/contact	Israel	0	3	0	11.0
2026-08-03_to_2026-08-30	תאוריית ההיקשרות בזוגיות	https://www.zachi.co.il/guide/attachment-styles	Israel	0	21	0	74.9048
2026-08-03_to_2026-08-30	תאוריית ההתקשרות	https://www.zachi.co.il/guide/attachment-styles	Israel	0	1	0	95.0
2026-08-03_to_2026-08-30	תיאוריית ההתקשרות וזוגיות	https://www.zachi.co.il/guide/attachment-styles	Israel	0	4	0	77.75
2026-08-03_to_2026-08-30	תיאורית ההתקשרות	https://www.zachi.co.il/guide/attachment-styles	Israel	0	1	0	85.0
2026-08-03_to_2026-08-30	תיאורית ההתקשרות וזוגיות	https://www.zachi.co.il/guide/attachment-styles	Israel	0	4	0	78.25
