url,type,status,robots,canonical,in_sitemap,lastmod,breadcrumb_parent,guide_group,title,meta_description,h1,schema_types,words
/,Home,200,"index, follow",https://www.zachi.co.il,yes,,,,מדייטים לאהבה: ספר מעשי לדייטינג ולזוגיות | צחי חן,"ספר אחד לשלוש תחנות בדרך לאהבה: רווקים שרוצים להיכנס לקשר, גרושים שמתחילים מחדש וזוגות שרוצים להעמיק את הקשר. דייטינג הוא חיפוש; אהבה נבנית, ובתוך קשר אנחנו פוגשים גם את עצמנו.",למצוא זה רק ההתחלה. אהבה בונים.,Book;WebSite,590
/author,Core,200,"index, follow",https://www.zachi.co.il/author,yes,,,,"צחי חן, מחבר הספר | מדייטים לאהבה","צחי חן הוא מחבר „מדייטים לאהבה”, ספר מעשי על דייטים, בחירת בן או בת זוג ובניית זוגיות. כאן הוא מספר למה כתב אותו, למי הוא נכתב ומה הגישה שמאחוריו.",למה כתבתי את „מדייטים לאהבה”,Person;ProfilePage,702
/book,Core,200,"index, follow",https://www.zachi.co.il/book,yes,,,,ספר זוגיות: מדריך מעשי לדייטינג ולבניית קשר | מדייטים לאהבה,"מדריך מעשי לזוגיות ולדייטינג: כל מה שיש במדייטים לאהבה, למי הספר מיועד, השיטה, מבנה הספר, הכלים המעשיים לבניית קשר, ומה משתנה אחרי הקריאה.",ספר זוגיות: מה יש בו ואיך הוא עובד,Book,1039
/contact,Core,200,"index, follow",https://www.zachi.co.il/contact,yes,,,,יצירת קשר | מדייטים לאהבה,יצירת קשר בנוגע לספר מדייטים לאהבה או להזמנה קיימת.,יצירת קשר,,113
/faq,Core,200,"index, follow",https://www.zachi.co.il/faq,yes,,,,שאלות נפוצות | מדייטים לאהבה,"שאלות נפוצות על „מדייטים לאהבה”: למי הספר מתאים ולמי פחות, מה מקבלים ברכישה, באילו מכשירים אפשר לקרוא, וביטולים והחזרים.",שאלות נפוצות,FAQPage,682
/preview,Core,200,"index, follow",https://www.zachi.co.il/preview,yes,,,,טעימה מהספר | מדייטים לאהבה,"קטע אמיתי מתוך „מדייטים לאהבה” לקריאה של כשתי דקות, בלי הרשמה ובלי תשלום. כך נכתב הספר, ומה הוא עושה עם דייטים, בחירה וזוגיות.",טעימה מהספר · 5 דקות קריאה,,1073
/reader,Core,200,"index, follow",https://www.zachi.co.il/reader,yes,,,,ערכת הכלים הדיגיטלית לקורא | מדייטים לאהבה,לרוכשי „מדייטים לאהבה” — ערכת כלים דיגיטלית שהופכת את הכלים שבספר ליישום מעשי בחיי הדייטינג והזוגיות. כלול ללא תשלום נוסף.,יותר מספר. כלים שעוזרים להפוך קריאה ליישום.,,430
/en,English,200,"index, follow",https://www.zachi.co.il/en,yes,,,,Dating to Love by Zachi Hen: A Practical Relationship Guide,"Dating is a search. Love is built. A practical guide by Zachi Hen to choosing the right partner, recognising red flags, and building a relationship that lasts. Available on Amazon.",Dating to Love,Book;WebPage,466
/dating,Hub,200,"index, follow",https://www.zachi.co.il/dating,yes,,,,דייטים: מה באמת קורה בשלב ההיכרות | מדייטים לאהבה,"מה קורה בשלב הדייטים, איך נראית היכרות טובה, ואיך עוברים מפגישות לקשר אמיתי. עמוד רוחבי מתוך „מדייטים לאהבה” של צחי חן: דייטינג הוא חיפוש, אהבה היא בנייה.","דייטים: השלב שבו מחפשים, ומה עושים איתו",WebPage,1723
/guide,Hub,200,"index, follow",https://www.zachi.co.il/guide,yes,,,,"מדריכים: דייטים, קשר וזוגיות | מדייטים לאהבה","כל המדריכים של „מדייטים לאהבה” לפי שלבי המסע: דייטים והיכרות, בניית קשר, זוגיות קיימת, ופרידה והתחלה מחדש. מאת צחי חן.",כל המדריכים,WebPage,686
/love,Hub,200,"index, follow",https://www.zachi.co.il/love,yes,,,,"אהבה: מהי אהבה, איך בונים אותה ואיך שומרים עליה | מדייטים לאהבה","מהי אהבה, מה ההבדל בין אהבה להתאהבות, ואיך אהבה נבנית לאורך זמן. מדריך רוחבי מתוך „מדייטים לאהבה” של צחי חן: פחות חיפוש של תחושה, יותר בנייה של קשר.",אהבה: לא רק מרגישים אותה. בונים אותה.,WebPage,2065
/after-breakup,Station,200,"index, follow",https://www.zachi.co.il/after-breakup,yes,,,,"אחרי פרידה: איך מתמודדים ומתגברים, ומה עושים הלאה | מדייטים לאהבה","התמודדות עם פרידה: איך מתגברים על הפרידה, מפרידים בין געגוע לאדם לבין געגוע לרעיון, ומה עושים הלאה. מתוך מדייטים לאהבה מאת צחי חן.",אחרי פרידה: לא צריך לדעת כבר עכשיו מה הצעד הבא.,BreadcrumbList;WebPage,818
/before-relationship,Station,200,"index, follow",https://www.zachi.co.il/before-relationship,yes,,,,לפני קשר: איך בוחרים בן או בת זוג ומזהים התאמה | מדייטים לאהבה,"לפני קשר: איך בוחרים בן או בת זוג, מזהים התאמה זוגית, ומבדילים בין ספק ופחד לחוסר התאמה אמיתי. מתוך מדייטים לאהבה מאת צחי חן.","לפני שבוחרים בן או בת זוג, כדאי להבין איך אתם בוחרים.",BreadcrumbList;WebPage,923
/building-relationship,Station,200,"index, follow",https://www.zachi.co.il/building-relationship,yes,,,,בניית קשר: איך בונים תחילת קשר על בסיס יציב | מדייטים לאהבה,"תחילת קשר: על קצב, בלעדיות, ציפיות, גבולות, אמון ותקשורת בתחילת הדרך, עובדה מול פרשנות ומילים מול מעשים. מתוך מדייטים לאהבה מאת צחי חן.","בניית קשר: כשהקשר מתחיל להיות אמיתי, גם השאלות משתנות.",BreadcrumbList;WebPage,845
/inside-relationship,Station,200,"index, follow",https://www.zachi.co.il/inside-relationship,yes,,,,איך מחזקים ומעמיקים קשר זוגי קיים | מדייטים לאהבה,"תקשורת בזוגיות, ריבים חוזרים וחיזוק הקשר: על הקשבה, גמישות ובחירה חוזרת שבונות מערכת יחסים ארוכת טווח. מתוך מדייטים לאהבה מאת צחי חן.",קשר טוב לא נשמר מעצמו. הוא נבנה שוב ושוב.,BreadcrumbList;WebPage,880
/starting-again,Station,200,"index, follow",https://www.zachi.co.il/starting-again,yes,,,,דייטים אחרי פרידה או גירושים: להתחיל מחדש נכון | מדייטים לאהבה,לחזור לדייטים ולהיכרויות אחרי פרידה או גירושים ולבנות זוגיות חדשה בפרק ב׳: איך מבדילים בין ניסיון שמגן עליכם לבין דפוסים שסוגרים אתכם. מתוך מדייטים לאהבה.,מתחילים מחדש: לחזור להיכרויות בלי לחזור לאותה דרך.,BreadcrumbList;WebPage,938
/guide/attachment-styles,Guide,200,"index, follow",https://www.zachi.co.il/guide/attachment-styles,yes,2026-08-11,/before-relationship,בתוך זוגיות,סגנונות התקשרות בזוגיות: דפוס חרדתי ודפוס נמנע | מדייטים לאהבה,"מה הם סגנונות התקשרות בזוגיות: איך נראה דפוס חרדתי, איך נראה דפוס נמנע, למה הם נמשכים זה לזה, ואיך מבדילים בין דפוס רגשי לבין חוסר התאמה אמיתי. תצפית מעשית, לא אבחון.","סגנונות התקשרות בזוגיות: דפוס חרדתי, דפוס נמנע ומה קורה ביניהם",Article;BreadcrumbList,1803
/guide/attracted-to-unavailable,Guide,200,"index, follow",https://www.zachi.co.il/guide/attracted-to-unavailable,yes,2026-08-11,/before-relationship,דייטים והיכרות,"למה אני נמשך לאנשים לא זמינים, ואיך יוצאים מהדפוס | מדייטים לאהבה","למה אני נמשכת דווקא לאנשים לא זמינים רגשית? להבין את הדפוס דרך הפרדת עובדה מסיפור, ולזהות אותו לפני שהוא חוזר. מתוך מדייטים לאהבה מאת צחי חן, התבוננות, לא אבחון.",למה אני נמשך/ת לאנשים לא זמינים,Article;BreadcrumbList,525
/guide/choosing-a-partner,Guide,200,"index, follow",https://www.zachi.co.il/guide/choosing-a-partner,yes,2026-08-11,/before-relationship,בניית קשר,"איך לבחור בן או בת זוג, ומה באמת כדאי לבדוק | מדייטים לאהבה","איך לבחור בן או בת זוג ואיך לדעת אם מישהו מתאים לכם: להבדיל בין קו אדום אמיתי לבין העדפה, ולבדוק עקביות לאורך זמן ולא רגע יפה אחד. מתוך מדייטים לאהבה מאת צחי חן.","איך לבחור בן או בת זוג, ומה באמת כדאי לבדוק",Article;BreadcrumbList,526
/guide/compatibility,Guide,200,"index, follow",https://www.zachi.co.il/guide/compatibility,yes,2026-08-11,/before-relationship,בניית קשר,התאמה זוגית: מה באמת חשוב יותר מפרפרים בבטן | מדייטים לאהבה,"התאמה זוגית נבנית ונבדקת לאורך זמן, לא נמדדת בפרפרים בבטן. מה חשוב באמת: ערכים, עקביות ואיך נראית ביניכם אי-הסכמה. מתוך מדייטים לאהבה מאת צחי חן.",התאמה זוגית: מה באמת חשוב יותר מפרפרים בבטן,Article;BreadcrumbList,552
/guide/couple-communication,Guide,200,"index, follow",https://www.zachi.co.il/guide/couple-communication,yes,2026-09-15,/inside-relationship,בתוך זוגיות,תקשורת זוגית: איך לומר מה מרגישים בלי להאשים | מדייטים לאהבה,"איך משפרים תקשורת זוגית? להחליף „אתה אף פעם” בצורך ברור ורגוע, כדי שבקשה תישמע כבקשה ולא כהאשמה. הכלי „שיחה בגובה העיניים” מתוך מדייטים לאהבה מאת צחי חן.",תקשורת זוגית: לומר מה מרגישים בלי להאשים,Article;BreadcrumbList,472
/guide/dates-not-progressing,Guide,200,"index, follow",https://www.zachi.co.il/guide/dates-not-progressing,yes,2026-09-15,/dating,דייטים והיכרות,למה דייטים לא מתקדמים לקשר | מדייטים לאהבה,"יוצאים, נעים, ואז זה נגמר. חמישה דפוסים שמסבירים למה דייטים נעצרים אחרי פגישה שנייה או שלישית, ומה אפשר לשנות בלי להפוך את זה לפרויקט. מתוך מדייטים לאהבה מאת צחי חן.","למה הדייטים לא מתקדמים, ומה אפשר לעשות אחרת",Article;BreadcrumbList,893
/guide/dating-red-flags,Guide,200,"index, follow",https://www.zachi.co.il/guide/dating-red-flags,yes,2026-08-11,/before-relationship,דייטים והיכרות,"דגלים אדומים בדייטים ובזוגיות, ומה באמת קו אדום | מדייטים לאהבה","מהם דגלים אדומים בדייט ואיך מבחינים בין קו אדום אמיתי לבין „סתם לא מושלם”? שלושה ערכי-ברזל, קו הבטיחות, והבדל בין דפוס לרגע. מתוך מדייטים לאהבה מאת צחי חן.","דגלים אדומים בדייטים, ומה באמת נחשב קו אדום",Article;BreadcrumbList,553
/guide/defining-the-relationship,Guide,200,"index, follow",https://www.zachi.co.il/guide/defining-the-relationship,yes,2026-09-15,/building-relationship,בניית קשר,בלעדיות בזוגיות: מתי ואיך מדברים על „מה אנחנו” | מדייטים לאהבה,מתי ואיך מעלים בלעדיות בלי להלחיץ? להפוך את שיחת „מה אנחנו” מבחינה מלחיצה לצורך שנאמר בבהירות ורוגע. מתוך מדייטים לאהבה מאת צחי חן.,בלעדיות: מתי ואיך מדברים על „מה אנחנו”,Article;BreadcrumbList,423
/guide/fear-of-commitment,Guide,200,"index, follow",https://www.zachi.co.il/guide/fear-of-commitment,yes,2026-09-15,/building-relationship,בניית קשר,פחד ממחויבות: איך יודעים אם זה פחד או חוסר התאמה | מדייטים לאהבה,"פחד ממחויבות, שלך או של בן/בת הזוג? איך מבדילים בין פחד שחוזר בכל קשר לבין חוסר התאמה אמיתי, ומה עושים כשאחד נמנע. כיוון מתוך מדייטים לאהבה מאת צחי חן.","פחד ממחויבות, שלך או של בן/בת הזוג",Article;BreadcrumbList,488
/guide/finding-a-relationship,Guide,200,"index, follow",https://www.zachi.co.il/guide/finding-a-relationship,yes,2026-09-22,/before-relationship,דייטים והיכרות,איך למצוא זוגיות ואהבה בלי להפוך כל דייט למבחן | מדייטים לאהבה,"איך למצוא זוגיות ואיך למצוא אהבה כשהחיפוש מתיש: להחליף סינון אינסופי בשלושה דברים שבאמת חשובים, ולתת לדייט להיות היכרות ולא אודישן. מתוך מדייטים לאהבה.",איך למצוא זוגיות ואהבה בלי להפוך כל דייט למבחן,Article;BreadcrumbList,881
/guide/first-date,Guide,200,"index, follow",https://www.zachi.co.il/guide/first-date,yes,2026-09-22,/dating,דייטים והיכרות,דייט ראשון: על מה מדברים ואיך יודעים אם הצליח | מדייטים לאהבה,"על מה מדברים בדייט ראשון, אילו שאלות פותחות שיחה, איך להתנהג כשהלחץ עושה את שלו, ואיך יודעים אם הפגישה הצליחה כשאין פרפרים בבטן. מתוך מדייטים לאהבה.","דייט ראשון: על מה מדברים, ואיך יודעים אם הוא הצליח",Article;BreadcrumbList,1222
/guide/from-dating-to-relationship,Guide,200,"index, follow",https://www.zachi.co.il/guide/from-dating-to-relationship,yes,2026-09-15,/dating,בניית קשר,מדייטים לזוגיות: איך עוברים מהיכרות לקשר | מדייטים לאהבה,"המעבר מדייטים לקשר לא קורה בהחלטה אחת אלא בשורה של בחירות קטנות. איך נראה השלב הזה, מה מעיד שהקשר באמת מתקדם, ומה עוזר לו להחזיק. מתוך מדייטים לאהבה מאת צחי חן.",איך עוברים מדייטים לקשר,Article;BreadcrumbList,1187
/guide/getting-back-with-ex,Guide,200,"index, follow",https://www.zachi.co.il/guide/getting-back-with-ex,yes,2026-08-11,/after-breakup,פרידה והתחלה מחדש,חזרה לאקס: איך יודעים אם זה נכון או רק געגוע | מדייטים לאהבה,"כדאי לחזור לאקס? איך מבדילים בין געגוע לאדם לבין געגוע לרעיון, בדידות או פרידה שלא נסגרה. כיוון להתבוננות מתוך מדייטים לאהבה מאת צחי חן, לא אבחון.",חזרה לאקס: איך יודעים אם זה נכון,Article;BreadcrumbList,488
/guide/healthy-relationship,Guide,200,"index, follow",https://www.zachi.co.il/guide/healthy-relationship,yes,2026-09-22,/inside-relationship,בתוך זוגיות,זוגיות בריאה: מה מאפיין מערכת יחסים בריאה | מדייטים לאהבה,"מהי זוגיות בריאה, ומה מאפיין מערכת יחסים בריאה: לא היעדר ריבים אלא בנייה חוזרת — כבוד ואמינות, בקשה במקום האשמה, ו„אנחנו” שנבנה בקטן. מתוך מדייטים לאהבה.","מהי זוגיות בריאה, ואיך יודעים שאתם בונים אחת",Article;BreadcrumbList,850
/guide/hot-and-cold,Guide,200,"index, follow",https://www.zachi.co.il/guide/hot-and-cold,yes,2026-09-15,/building-relationship,בניית קשר,חם-קר בקשר: כשמישהו מתקרב ומתרחק | מדייטים לאהבה,"מה עושים כשבן או בת זוג מתנהגים חם-קר? להפריד את העובדה מהסיפור, ולהחליט אם זה קצב טבעי או פגיעה בקו אדום. מתוך מדייטים לאהבה מאת צחי חן.",חם-קר בקשר: כשמישהו מתקרב ומתרחק,Article;BreadcrumbList,493
/guide/how-fast-is-too-fast,Guide,200,"index, follow",https://www.zachi.co.il/guide/how-fast-is-too-fast,yes,2026-08-11,/building-relationship,בניית קשר,כמה מהר זה מהר מדי בתחילת קשר | מדייטים לאהבה,"כמה מהר כדאי להתקדם בתחילת קשר? למה אינטנסיביות מהירה יוצרת אשליה של קרבה, ואיך בונים קצב שמתאים לשניכם. „בדיקת הקצב” מתוך מדייטים לאהבה מאת צחי חן.",כמה מהר זה מהר מדי בתחילת קשר,Article;BreadcrumbList,466
/guide/how-to-end-a-relationship,Guide,200,"index, follow",https://www.zachi.co.il/guide/how-to-end-a-relationship,yes,2026-08-11,/after-breakup,פרידה והתחלה מחדש,"איך מסיימים קשר בכבוד, בלי היעלמות והאשמות | מדייטים לאהבה","איך מסיימים קשר שלא מתאים בצורה מכבדת וברורה, בלי היעלמות, האשמות או פתח לתקוות שווא? „יציאה נקייה” מתוך מדייטים לאהבה מאת צחי חן.","לסיים קשר בכבוד, בלי היעלמות",Article;BreadcrumbList,421
/guide/keeping-connection-alive,Guide,200,"index, follow",https://www.zachi.co.il/guide/keeping-connection-alive,yes,2026-09-15,/inside-relationship,בתוך זוגיות,איך שומרים על קרבה ותשוקה אחרי שהשגרה נכנסת | מדייטים לאהבה,"איך שומרים על חיבור ותשוקה בקשר ארוך, אחרי שהשלב הראשוני נרגע? למה קשר טוב לא נשמר מעצמו, ואיך „אנחנו” נבנה מחדש בקטן. מתוך מדייטים לאהבה מאת צחי חן.",לשמור על קרבה ותשוקה אחרי שהשגרה נכנסת,Article;BreadcrumbList,430
/guide/over-a-breakup,Guide,200,"index, follow",https://www.zachi.co.il/guide/over-a-breakup,yes,2026-08-11,/after-breakup,פרידה והתחלה מחדש,איך יודעים שסיימתי לעבד פרידה ומוכן/ה להכיר | מדייטים לאהבה,"איך יודעים שהתגברתי על פרידה ומוכן/ה לחזור לדייטים? סימנים של מוכנות מול ריבאונד, ולמה לא כל התחלה צריכה להתחיל עכשיו. מתוך מדייטים לאהבה מאת צחי חן.",איך יודעים שסיימתי לעבד פרידה,Article;BreadcrumbList,423
/guide/ready-for-a-relationship,Guide,200,"index, follow",https://www.zachi.co.il/guide/ready-for-a-relationship,yes,2026-08-11,/before-relationship,דייטים והיכרות,"האם אני מוכן/ה לזוגיות, ואיך יודעים | מדייטים לאהבה","איך יודעים אם אני מוכן/ה לזוגיות? למה מוכנות אינה „להרגיש מוכן” אלא הכרות עם הדפוסים שלך, ומהלך קטן שאפשר להתחיל בו. מתוך מדייטים לאהבה מאת צחי חן.",האם אני מוכן/ה לזוגיות,Article;BreadcrumbList,402
/guide/recurring-fights,Guide,200,"index, follow",https://www.zachi.co.il/guide/recurring-fights,yes,2026-09-15,/inside-relationship,בתוך זוגיות,ריבים חוזרים בזוגיות: איך יוצאים מהלולאה | מדייטים לאהבה,"למה אנחנו רבים על אותו דבר שוב ושוב? מתחת לריב החוזר יש בדרך כלל צורך שלא נאמר, ולולאה של מרדף-הימנעות. איך שוברים אותה, מתוך מדייטים לאהבה מאת צחי חן.",ריבים חוזרים: איך יוצאים מהלולאה,Article;BreadcrumbList,458
/guide/relationship-doubts,Guide,200,"index, follow",https://www.zachi.co.il/guide/relationship-doubts,yes,2026-08-11,/before-relationship,בתוך זוגיות,ספקות בזוגיות: ספק נקודתי או סימן לחוסר התאמה? | מדייטים לאהבה,"ספקות בזוגיות הם לא בהכרח סימן ללכת. איך מבדילים בין פחד לחוסר התאמה: עובדה מול פרשנות, ספק נקודתי מול דפוס חוזר. כיוון להתבוננות, לא אבחון. מתוך מדייטים לאהבה.",ספקות בזוגיות: איך יודעים אם זה פחד או חוסר התאמה,Article;BreadcrumbList,587
/guide/words-vs-actions,Guide,200,"index, follow",https://www.zachi.co.il/guide/words-vs-actions,yes,2026-09-15,/inside-relationship,בניית קשר,כשיש פער בין המילים למעשים בזוגיות | מדייטים לאהבה,"מה עושים כשהמעשים לא תואמים למילים? למה עקביות מספרת יותר מרגע אחד טוב, ואיך מפרידים בין הבטחה למה שקורה בפועל. מתוך מדייטים לאהבה מאת צחי חן.",כשיש פער בין המילים למעשים,Article;BreadcrumbList,444
/method/clean-exit,Method,200,"index, follow",https://www.zachi.co.il/method/clean-exit,yes,2026-08-11,/book,,יציאה נקייה: איך לסיים קשר בכבוד ובבהירות | מדייטים לאהבה,"„יציאה נקייה” היא כלי מתוך מדייטים לאהבה לסיים קשר בלי היעלמות, האשמות או פתח לתקוות שווא, כדי להמשיך הלאה בלי אשמה מיותרת. מה זה, איך זה עובד ומתי משתמשים.",„יציאה נקייה”: לסיים קשר בכבוד ובבהירות,Article;BreadcrumbList;DefinedTerm,561
/method/core-values,Method,200,"index, follow",https://www.zachi.co.il/method/core-values,yes,2026-08-11,/book,,קו אדום מול גמישות: שלושה ערכי-ברזל בבחירת בן/בת זוג | מדייטים לאהבה,"„קו אדום מול גמישות” הוא כלי מתוך מדייטים לאהבה שמפריד בין ערכי-ליבה שאין להתפשר עליהם לבין העדפות שאפשר להתגמש בהן. מה זה, ואיך ממיינים.",„קו אדום מול גמישות”: שלושה ערכי-ברזל,Article;BreadcrumbList;DefinedTerm,721
/method/eye-level-talk,Method,200,"index, follow",https://www.zachi.co.il/method/eye-level-talk,yes,2026-08-11,/book,,שיחה בגובה העיניים: להביע צורך בלי להאשים | מדייטים לאהבה,"„שיחה בגובה העיניים” היא כלי מתוך מדייטים לאהבה להציב גבול ולהביע צורך מתוך בהירות ורוגע, בלי להאשים ובלי להבריח. מה זה, איך זה עובד ומתי משתמשים.",„שיחה בגובה העיניים”: להביע צורך בלי להאשים,Article;BreadcrumbList;DefinedTerm,603
/method/fact-story,Method,200,"index, follow",https://www.zachi.co.il/method/fact-story,yes,2026-08-11,/book,,"עובדה, סיפור, פעולה: לעצור פרשנות שהורסת קשרים | מדייטים לאהבה","„עובדה, סיפור, פעולה” היא טכניקה בשלושה שלבים מתוך מדייטים לאהבה שמפרידה בין מה שקרה באמת לבין הסרט שהמוח יצר, ומחזירה תגובה שקולה. מה זה ואיך זה עובד.","„עובדה, סיפור, פעולה”: לעצור פרשנות לפני שהיא פוגעת",Article;BreadcrumbList;DefinedTerm,544
/method/pace-check,Method,200,"index, follow",https://www.zachi.co.il/method/pace-check,yes,2026-08-11,/book,,בדיקת הקצב: לבנות קרבה בלי להפוך התלהבות להצפה | מדייטים לאהבה,"„בדיקת הקצב” היא כלי מתוך מדייטים לאהבה לבניית קרבה הדרגתית ויציבה בתחילת קשר, בלי שאינטנסיביות מהירה תיצור אשליה של אינטימיות. מה זה, איך זה עובד ומתי משתמשים.",„בדיקת הקצב”: לבנות קרבה בלי להפוך התלהבות להצפה,Article;BreadcrumbList;DefinedTerm,563
/method/quiet-check,Method,200,"index, follow",https://www.zachi.co.il/method/quiet-check,yes,2026-08-11,/book,,בדיקת השקט: להפריד בין שקט לדחייה | מדייטים לאהבה,"„בדיקת השקט” היא כלי מתוך מדייטים לאהבה שמפריד בין העובדה שאין כרגע תשובה לבין הפרשנות האוטומטית של דחייה. מה זה, איך זה עובד ומתי משתמשים.",„בדיקת השקט”: להפריד בין שקט לדחייה,Article;BreadcrumbList;DefinedTerm,598
/compass,Utility,200,"noindex, follow",https://www.zachi.co.il/compass,no,,,,איפה להתחיל בספר? | מדייטים לאהבה,"כמה שאלות קצרות שמכוונות אתכם לפרק ולכלי המתאימים בספר „מדייטים לאהבה”: לפני קשר, בניית קשר, בתוך קשר, ושערי מעבר אחרי פרידה ובחזרה לדייטים.",איפה להתחיל בספר?,,144
/accessibility,Legal,200,"index, follow",https://www.zachi.co.il/accessibility,yes,,,,הצהרת נגישות | מדייטים לאהבה,הצהרת הנגישות של אתר מדייטים לאהבה: ההתאמות שבוצעו וכיצד לפנות אלינו.,הצהרת נגישות,,223
/privacy,Legal,200,"index, follow",https://www.zachi.co.il/privacy,yes,,,,מדיניות פרטיות | מדייטים לאהבה,כיצד אנו אוספים ומשתמשים במידע באתר מדייטים לאהבה.,מדיניות פרטיות,,426
/shipping-returns,Legal,200,"index, follow",https://www.zachi.co.il/shipping-returns,yes,,,,"מדיניות מוצר, משלוחים וביטולים | מדייטים לאהבה","אופן מסירת המהדורה הדיגיטלית, משלוח המהדורה המודפסת ומדיניות הביטולים באתר מדייטים לאהבה.","מדיניות מוצר, משלוחים וביטולים",,267
/terms,Legal,200,"index, follow",https://www.zachi.co.il/terms,yes,,,,תקנון האתר | מדייטים לאהבה,תקנון השימוש באתר מדייטים לאהבה.,תקנון האתר,,274
/admin,Utility (noindex),200,"noindex, nofollow",https://www.zachi.co.il/admin,no,,,,לוח בקרה | מדייטים לאהבה,"ספר אחד לשלוש תחנות בדרך לאהבה: רווקים שרוצים להיכנס לקשר, גרושים שמתחילים מחדש וזוגות שרוצים להעמיק את הקשר. דייטינג הוא חיפוש; אהבה נבנית, ובתוך קשר אנחנו פוגשים גם את עצמנו.",לוח הבקרה אינו זמין,,21
/reader/kit,Utility (noindex),200,"noindex, nofollow",https://www.zachi.co.il/reader/kit,no,,,,ערכת הקורא | מדייטים לאהבה,"ספר אחד לשלוש תחנות בדרך לאהבה: רווקים שרוצים להיכנס לקשר, גרושים שמתחילים מחדש וזוגות שרוצים להעמיק את הקשר. דייטינג הוא חיפוש; אהבה נבנית, ובתוך קשר אנחנו פוגשים גם את עצמנו.",הגישה לערכה אישית,,104
